event_url,subtype,product_url,product_title,price_gbp,availability,date_start,date_end,start_time,end_time,event_location,map_method,confidence,participants,fitness_level,event_title,json_price,json_availability,price_currency
https://www.alanranger.com/beginners-photography-lessons/camera-courses-for-beginners-coventry-,event,https://www.alanranger.com/photography-services-near-me/beginners-photography-course,Beginners Photography Course | 3 Weekly Evening Classes,150,InStock,2026-01-13T19:00:00+00:00,2026-01-13T21:00:00+00:00,19:00:00,21:00:00,Coventry,auto,,4,,Camera Courses For Beginners - Week 2 of 3 - Coventry Jan,,,
https://www.alanranger.com/beginners-photography-lessons/camera-courses-for-beginners-coventry-2k99k,event,https://www.alanranger.com/photography-services-near-me/beginners-photography-course,Beginners Photography Course | 3 Weekly Evening Classes,150,InStock,2026-02-23T19:00:00+00:00,2026-02-23T21:00:00+00:00,19:00:00,21:00:00,Coventry,auto,,4,,Camera Courses For Beginners - Week 3 of 3 - Coventry 23-2,,,
https://www.alanranger.com/beginners-photography-lessons/camera-courses-for-beginners-coventry-2n74k,event,https://www.alanranger.com/photography-services-near-me/beginners-photography-course,Beginners Photography Course | 3 Weekly Evening Classes,150,InStock,2025-12-02T19:00:00+00:00,2025-12-02T21:00:00+00:00,19:00:00,21:00:00,Coventry,auto,,4,,Camera Courses For Beginners - Week 1 of 3 - Coventry 4-12,,,
https://www.alanranger.com/beginners-photography-lessons/camera-courses-for-beginners-coventry-2n74k,event,https://www.alanranger.com/photography-services-near-me/beginners-photography-course,Beginners Photography Course | 3 Weekly Evening Classes,150,InStock,2025-12-04T19:00:00+00:00,2025-12-04T21:00:00+00:00,19:00:00,21:00:00,Coventry,auto,,4,,Camera Courses For Beginners - Week 1 of 3 - Coventry 4-12,,,
https://www.alanranger.com/beginners-photography-lessons/camera-courses-for-beginners-coventry-2sj27,event,https://www.alanranger.com/photography-services-near-me/beginners-photography-course,Beginners Photography Course | 3 Weekly Evening Classes,150,InStock,2026-02-16T19:00:00+00:00,2026-02-16T21:00:00+00:00,19:00:00,21:00:00,Coventry,auto,,4,,Camera Courses For Beginners - Week 2 of 3 - Coventry 16-2,,,
https://www.alanranger.com/beginners-photography-lessons/camera-courses-for-beginners-coventry-3yj3h,event,https://www.alanranger.com/photography-services-near-me/beginners-photography-course,Beginners Photography Course | 3 Weekly Evening Classes,150,InStock,2026-04-15T19:00:00+00:00,2026-04-15T21:00:00+00:00,19:00:00,21:00:00,Coventry,auto,,4,,Camera Courses For Beginners - Week 3 of 3 - Coventry Apr,,,
https://www.alanranger.com/beginners-photography-lessons/camera-courses-for-beginners-coventry-3yj3h,event,https://www.alanranger.com/photography-services-near-me/beginners-photography-course,Beginners Photography Course | 3 Weekly Evening Classes,150,InStock,2025-11-17T19:00:00+00:00,2025-11-17T21:00:00+00:00,19:00:00,21:00:00,Coventry,auto,,4,,Camera Courses For Beginners - Week 3 of 3 - Coventry Apr,,,
https://www.alanranger.com/beginners-photography-lessons/camera-courses-for-beginners-coventry-4pp2p,event,https://www.alanranger.com/photography-services-near-me/beginners-photography-course,Beginners Photography Course | 3 Weekly Evening Classes,150,InStock,2026-03-12T19:00:00+00:00,2026-03-12T21:00:00+00:00,19:00:00,21:00:00,Coventry,auto,,4,,Camera Courses For Beginners - Week 2 of 3 - Coventry 12-3,,,
https://www.alanranger.com/beginners-photography-lessons/camera-courses-for-beginners-coventry-4pp2p,event,https://www.alanranger.com/photography-services-near-me/beginners-photography-course,Beginners Photography Course | 3 Weekly Evening Classes,150,InStock,2026-03-11T19:00:00+00:00,2026-03-11T21:00:00+00:00,19:00:00,21:00:00,Coventry,auto,,4,,Camera Courses For Beginners - Week 2 of 3 - Coventry 12-3,,,
https://www.alanranger.com/beginners-photography-lessons/camera-courses-for-beginners-coventry-7breh,event,https://www.alanranger.com/photography-services-near-me/beginners-photography-course,Beginners Photography Course | 3 Weekly Evening Classes,150,InStock,2026-03-09T19:00:00+00:00,2026-03-09T21:00:00+00:00,19:00:00,21:00:00,Alan Ranger Photography,auto,,4,,Camera Courses For Beginners - Week 1 of 3 - Coventry 9-3,,,
https://www.alanranger.com/beginners-photography-lessons/camera-courses-for-beginners-coventry-8ar5x,event,https://www.alanranger.com/photography-services-near-me/beginners-photography-course,Beginners Photography Course | 3 Weekly Evening Classes,150,InStock,2026-04-01T19:00:00+00:00,2026-04-01T21:00:00+00:00,19:00:00,21:00:00,Coventry,auto,,4,,Camera Courses For Beginners - Week 1 of 3 - Coventry Apr,,,
https://www.alanranger.com/beginners-photography-lessons/camera-courses-for-beginners-coventry-8s2ka,event,https://www.alanranger.com/photography-services-near-me/beginners-photography-course,Beginners Photography Course | 3 Weekly Evening Classes,150,InStock,2026-03-19T19:00:00+00:00,2026-03-19T21:00:00+00:00,19:00:00,21:00:00,Coventry,auto,,4,,Camera Courses For Beginners - Week 3 of 3 - Coventry 19-3,,,
https://www.alanranger.com/beginners-photography-lessons/camera-courses-for-beginners-coventry-8s2ka,event,https://www.alanranger.com/photography-services-near-me/beginners-photography-course,Beginners Photography Course | 3 Weekly Evening Classes,150,InStock,2026-03-18T19:00:00+00:00,2026-03-18T21:00:00+00:00,19:00:00,21:00:00,Coventry,auto,,4,,Camera Courses For Beginners - Week 3 of 3 - Coventry 19-3,,,
https://www.alanranger.com/beginners-photography-lessons/camera-courses-for-beginners-coventry-bds4t,event,https://www.alanranger.com/photography-services-near-me/beginners-photography-course,Beginners Photography Course | 3 Weekly Evening Classes,150,InStock,2026-02-09T19:00:00+00:00,2026-02-09T21:00:00+00:00,19:00:00,21:00:00,Coventry,auto,,4,,Camera Courses For Beginners - Week 1 of 3 - Coventry- 9-2,,,
https://www.alanranger.com/beginners-photography-lessons/camera-courses-for-beginners-coventry-be4sb,event,https://www.alanranger.com/photography-services-near-me/beginners-photography-course,Beginners Photography Course | 3 Weekly Evening Classes,150,InStock,2026-01-20T19:00:00+00:00,2026-01-20T21:00:00+00:00,19:00:00,21:00:00,Coventry,auto,,4,,Camera Courses For Beginners - Week 3 of 3 - Coventry Jan,,,
https://www.alanranger.com/beginners-photography-lessons/camera-courses-for-beginners-coventry-dfe,event,https://www.alanranger.com/photography-services-near-me/beginners-photography-course,Beginners Photography Course | 3 Weekly Evening Classes,150,InStock,2026-04-08T19:00:00+00:00,2026-04-08T21:00:00+00:00,19:00:00,21:00:00,Coventry,auto,,4,,Camera Courses For Beginners - Week 1 of 3 - Coventry 8-Apr,,,
https://www.alanranger.com/beginners-photography-lessons/camera-courses-for-beginners-coventry-dg9pz,event,https://www.alanranger.com/photography-services-near-me/beginners-photography-course,Beginners Photography Course | 3 Weekly Evening Classes,150,InStock,2025-12-11T19:00:00+00:00,2025-12-11T21:00:00+00:00,19:00:00,21:00:00,Coventry,auto,,4,,Camera Courses For Beginners - Week 2 of 3 - Coventry 11-12,,,
https://www.alanranger.com/beginners-photography-lessons/camera-courses-for-beginners-coventry-dg9pz,event,https://www.alanranger.com/photography-services-near-me/beginners-photography-course,Beginners Photography Course | 3 Weekly Evening Classes,150,InStock,2025-12-09T19:00:00+00:00,2025-12-09T21:00:00+00:00,19:00:00,21:00:00,Coventry,auto,,4,,Camera Courses For Beginners - Week 2 of 3 - Coventry 11-12,,,
https://www.alanranger.com/beginners-photography-lessons/camera-courses-for-beginners-coventry-dhecf,event,https://www.alanranger.com/photography-services-near-me/beginners-photography-course,Beginners Photography Course | 3 Weekly Evening Classes,150,InStock,2026-04-09T19:00:00+00:00,2026-04-09T21:00:00+00:00,19:00:00,21:00:00,Coventry,auto,,4,,Camera Courses For Beginners - Week 2 of 3 - Coventry 9-4,,,
https://www.alanranger.com/beginners-photography-lessons/camera-courses-for-beginners-coventry-hl4tm,event,https://www.alanranger.com/photography-services-near-me/beginners-photography-course,Beginners Photography Course | 3 Weekly Evening Classes,150,InStock,2026-03-16T19:00:00+00:00,2026-03-16T21:00:00+00:00,19:00:00,21:00:00,Coventry,auto,,4,,Camera Courses For Beginners - Week 2 of 3 - Coventry 16-3,,,
https://www.alanranger.com/beginners-photography-lessons/camera-courses-for-beginners-coventry-hnp3g,event,https://www.alanranger.com/photography-services-near-me/beginners-photography-course,Beginners Photography Course | 3 Weekly Evening Classes,150,InStock,2025-11-19T19:00:00+00:00,2025-11-19T21:00:00+00:00,19:00:00,21:00:00,Coventry,auto,,4,,Camera Courses For Beginners - Week 2 of 3 - Coventry 14-5,,,
https://www.alanranger.com/beginners-photography-lessons/camera-courses-for-beginners-coventry-hnp3g,event,https://www.alanranger.com/photography-services-near-me/beginners-photography-course,Beginners Photography Course | 3 Weekly Evening Classes,150,InStock,2026-05-14T19:00:00+00:00,2026-05-14T21:00:00+00:00,19:00:00,21:00:00,Coventry,auto,,4,,Camera Courses For Beginners - Week 2 of 3 - Coventry 14-5,,,
https://www.alanranger.com/beginners-photography-lessons/camera-courses-for-beginners-coventry-mw83l,event,https://www.alanranger.com/photography-services-near-me/beginners-photography-course,Beginners Photography Course | 3 Weekly Evening Classes,150,InStock,2025-11-26T19:00:00+00:00,2025-11-26T21:00:00+00:00,19:00:00,21:00:00,Coventry,auto,,4,,Camera Courses For Beginners - Week 3 of 3 - Coventry 21-5,,,
https://www.alanranger.com/beginners-photography-lessons/camera-courses-for-beginners-coventry-mw83l,event,https://www.alanranger.com/photography-services-near-me/beginners-photography-course,Beginners Photography Course | 3 Weekly Evening Classes,150,InStock,2026-05-21T19:00:00+00:00,2026-05-21T21:00:00+00:00,19:00:00,21:00:00,Coventry,auto,,4,,Camera Courses For Beginners - Week 3 of 3 - Coventry 21-5,,,
https://www.alanranger.com/beginners-photography-lessons/camera-courses-for-beginners-coventry-nhjlm,event,https://www.alanranger.com/photography-services-near-me/beginners-photography-course,Beginners Photography Course | 3 Weekly Evening Classes,150,InStock,2025-12-18T19:00:00+00:00,2025-12-18T21:00:00+00:00,19:00:00,21:00:00,Coventry,auto,,4,,Camera Courses For Beginners - Week 3 of 3 - Coventry 18-12,,,
https://www.alanranger.com/beginners-photography-lessons/camera-courses-for-beginners-coventry-nhjlm,event,https://www.alanranger.com/photography-services-near-me/beginners-photography-course,Beginners Photography Course | 3 Weekly Evening Classes,150,InStock,2025-12-16T19:00:00+00:00,2025-12-16T21:00:00+00:00,19:00:00,21:00:00,Coventry,auto,,4,,Camera Courses For Beginners - Week 3 of 3 - Coventry 18-12,,,
https://www.alanranger.com/beginners-photography-lessons/camera-courses-for-beginners-coventry-nzwzx,event,https://www.alanranger.com/photography-services-near-me/beginners-photography-course,Beginners Photography Course | 3 Weekly Evening Classes,150,InStock,2026-04-16T19:00:00+00:00,2026-04-16T21:00:00+00:00,19:00:00,21:00:00,Coventry,auto,,4,,Camera Courses For Beginners - Week 3 of 3 - Coventry 16-4,,,
https://www.alanranger.com/beginners-photography-lessons/camera-courses-for-beginners-coventry-oct1,event,https://www.alanranger.com/photography-services-near-me/beginners-photography-course,Beginners Photography Course | 3 Weekly Evening Classes,150,InStock,2026-05-05T19:00:00+00:00,2026-05-05T21:00:00+00:00,19:00:00,21:00:00,Coventry,auto,,4,,Camera Courses For Beginners - Week 1 of 3 - Coventry 5-5,,,
https://www.alanranger.com/beginners-photography-lessons/camera-courses-for-beginners-coventry-oct2,event,https://www.alanranger.com/photography-services-near-me/beginners-photography-course,Beginners Photography Course | 3 Weekly Evening Classes,150,InStock,2026-05-12T19:00:00+00:00,2026-05-12T21:00:00+00:00,19:00:00,21:00:00,Coventry,auto,,4,,Camera Courses For Beginners - Week 2 of 3 - Coventry 12-5,,,
https://www.alanranger.com/beginners-photography-lessons/camera-courses-for-beginners-coventry-oct3,event,https://www.alanranger.com/photography-services-near-me/beginners-photography-course,Beginners Photography Course | 3 Weekly Evening Classes,150,InStock,2026-05-19T19:00:00+00:00,2026-05-19T21:00:00+00:00,19:00:00,21:00:00,Coventry,auto,,4,,Camera Courses For Beginners - Week 3 of 3 - Coventry 19-5,,,
https://www.alanranger.com/beginners-photography-lessons/camera-courses-for-beginners-coventry-s2klg,event,https://www.alanranger.com/photography-services-near-me/beginners-photography-course,Beginners Photography Course | 3 Weekly Evening Classes,150,InStock,2026-03-23T19:00:00+00:00,2026-03-23T21:00:00+00:00,19:00:00,21:00:00,Coventry,auto,,4,,Camera Courses For Beginners - Week 3 of 3 - Coventry 23-3,,,
https://www.alanranger.com/beginners-photography-lessons/camera-courses-for-beginners-coventry-w5nkt,event,https://www.alanranger.com/photography-services-near-me/beginners-photography-course,Beginners Photography Course | 3 Weekly Evening Classes,150,InStock,2026-04-02T19:00:00+00:00,2026-04-02T21:00:00+00:00,19:00:00,21:00:00,Coventry,auto,,4,,Camera Courses For Beginners - Week 1 of 3 - Coventry 2-4,,,
https://www.alanranger.com/beginners-photography-lessons/camera-courses-for-beginners-coventry-wc34j,event,https://www.alanranger.com/photography-services-near-me/beginners-photography-course,Beginners Photography Course | 3 Weekly Evening Classes,150,InStock,2026-05-07T19:00:00+00:00,2026-05-07T21:00:00+00:00,19:00:00,21:00:00,Coventry,auto,,4,,Camera Courses For Beginners - Week 2 of 3 - Coventry 7-5,,,
https://www.alanranger.com/beginners-photography-lessons/camera-courses-for-beginners-coventry-wk1,event,https://www.alanranger.com/photography-services-near-me/beginners-photography-course,Beginners Photography Course | 3 Weekly Evening Classes,150,InStock,2026-01-06T19:00:00+00:00,2026-01-06T21:00:00+00:00,19:00:00,21:00:00,Coventry,auto,,4,,Camera Courses For Beginners - Week 1 of 3 - Coventry Jan,,,
https://www.alanranger.com/beginners-photography-lessons/camera-courses-for-beginners-coventry-zbcfe,event,https://www.alanranger.com/photography-services-near-me/beginners-photography-course,Beginners Photography Course | 3 Weekly Evening Classes,150,InStock,2026-03-05T19:00:00+00:00,2026-03-05T21:00:00+00:00,19:00:00,21:00:00,Coventry,auto,,4,,Camera Courses For Beginners - Week 1 of 3 - Coventry 5-3,,,
https://www.alanranger.com/beginners-photography-lessons/camera-courses-for-beginners-coventry-zbcfe,event,https://www.alanranger.com/photography-services-near-me/beginners-photography-course,Beginners Photography Course | 3 Weekly Evening Classes,150,InStock,2026-03-04T19:00:00+00:00,2026-03-04T21:00:00+00:00,19:00:00,21:00:00,Coventry,auto,,4,,Camera Courses For Beginners - Week 1 of 3 - Coventry 5-3,,,
https://www.alanranger.com/beginners-photography-lessons/camera-courses-for-beginners-week-1,event,https://www.alanranger.com/photography-services-near-me/beginners-photography-course,Beginners Photography Course | 3 Weekly Evening Classes,150,InStock,2026-02-04T19:00:00+00:00,2026-02-04T21:00:00+00:00,19:00:00,21:00:00,Alan Ranger Photography,auto,,4,,Camera Courses For Beginners - Week 1 of 3 - Coventry Feb,,,
https://www.alanranger.com/beginners-photography-lessons/camera-courses-for-beginners-week-3,event,https://www.alanranger.com/photography-services-near-me/beginners-photography-course,Beginners Photography Course | 3 Weekly Evening Classes,150,InStock,2026-02-18T19:00:00+00:00,2026-02-18T21:00:00+00:00,19:00:00,21:00:00,Alan Ranger Photography,auto,,4,,Camera Courses For Beginners - Week 3 of 3 - Coventry,,,
https://www.alanranger.com/beginners-photography-lessons/camera-courses-for-beginners-wk2,event,https://www.alanranger.com/photography-services-near-me/beginners-photography-course,Beginners Photography Course | 3 Weekly Evening Classes,150,InStock,2026-02-11T19:00:00+00:00,2026-02-11T21:00:00+00:00,19:00:00,21:00:00,Alan Ranger Photography,auto,,4,,Camera Courses For Beginners - Week 2 of 3 - Coventry Feb,,,
https://www.alanranger.com/beginners-photography-lessons/lightroom-photo-editing-classes-wk1-kdh5k,event,https://www.alanranger.com/photography-services-near-me/lightroom-courses-for-beginners-coventry,Lightroom Courses for Beginners Photo Editing - Coventry,150,InStock,2026-01-07T19:00:00+00:00,2026-01-07T21:00:00+00:00,19:00:00,21:00:00,Coventry,auto,,3,,Lightroom Classic Photo Editing Classes - Week 1 of 3 -7-1,,,
https://www.alanranger.com/beginners-photography-lessons/lightroom-photo-editing-classes-wk1-rrkhn,event,https://www.alanranger.com/photography-services-near-me/lightroom-courses-for-beginners-coventry,Lightroom Courses for Beginners Photo Editing - Coventry,150,InStock,2026-05-13T19:00:00+00:00,2026-05-13T21:00:00+00:00,19:00:00,21:00:00,Coventry,auto,,3,,Lightroom Classic Photo Editing Classes - Week 1 of 3 -13-5,,,
https://www.alanranger.com/beginners-photography-lessons/lightroom-photo-editing-classes-wk1-xx94r,event,https://www.alanranger.com/photography-services-near-me/lightroom-courses-for-beginners-coventry,Lightroom Courses for Beginners Photo Editing - Coventry,150,InStock,2026-03-04T19:00:00+00:00,2026-03-04T21:00:00+00:00,19:00:00,21:00:00,Coventry,auto,,3,,Lightroom Classic Photo Editing Classes -Week 1 of 3 -4-3,,,
https://www.alanranger.com/beginners-photography-lessons/lightroom-photo-editing-classes-wk1-xx94r,event,https://www.alanranger.com/photography-services-near-me/lightroom-courses-for-beginners-coventry,Lightroom Courses for Beginners Photo Editing - Coventry,150,InStock,2026-03-05T19:00:00+00:00,2026-03-05T21:00:00+00:00,19:00:00,21:00:00,Coventry,auto,,3,,Lightroom Classic Photo Editing Classes -Week 1 of 3 -4-3,,,
https://www.alanranger.com/beginners-photography-lessons/lightroom-photo-editing-classes-wk2-55f3d,event,https://www.alanranger.com/photography-services-near-me/lightroom-courses-for-beginners-coventry,Lightroom Courses for Beginners Photo Editing - Coventry,150,InStock,2026-03-11T19:00:00+00:00,2026-03-11T21:00:00+00:00,19:00:00,21:00:00,Coventry,auto,,3,,Lightroom Classic Photo Editing Classes -Week 2 of 3 - 11-3,,,
https://www.alanranger.com/beginners-photography-lessons/lightroom-photo-editing-classes-wk2-55f3d,event,https://www.alanranger.com/photography-services-near-me/lightroom-courses-for-beginners-coventry,Lightroom Courses for Beginners Photo Editing - Coventry,150,InStock,2026-03-12T19:00:00+00:00,2026-03-12T21:00:00+00:00,19:00:00,21:00:00,Coventry,auto,,3,,Lightroom Classic Photo Editing Classes -Week 2 of 3 - 11-3,,,
https://www.alanranger.com/beginners-photography-lessons/lightroom-photo-editing-classes-wk2-n8l4l,event,https://www.alanranger.com/photography-services-near-me/lightroom-courses-for-beginners-coventry,Lightroom Courses for Beginners Photo Editing - Coventry,150,InStock,2026-01-14T19:00:00+00:00,2026-01-14T21:00:00+00:00,19:00:00,21:00:00,Coventry,auto,,3,,Lightroom Classic Photo Editing Classes - Week 2 of 3 - 14-1,,,
https://www.alanranger.com/beginners-photography-lessons/lightroom-photo-editing-classes-wk2-y3262,event,https://www.alanranger.com/photography-services-near-me/lightroom-courses-for-beginners-coventry,Lightroom Courses for Beginners Photo Editing - Coventry,150,InStock,2026-05-20T19:00:00+00:00,2026-05-20T21:00:00+00:00,19:00:00,21:00:00,Coventry,auto,,3,,Lightroom Classic Photo Editing Classes - Week 2 of 3 - 20-5,,,
https://www.alanranger.com/beginners-photography-lessons/lightroom-photo-editing-classes-wk3,event,https://www.alanranger.com/photography-services-near-me/lightroom-courses-for-beginners-coventry,Lightroom Courses for Beginners Photo Editing - Coventry,150,InStock,2025-11-18T19:00:00+00:00,2025-11-18T21:00:00+00:00,19:00:00,21:00:00,Coventry,auto,,3,,Lightroom Classic Photo Editing Classes -Week 3 of 3 -18-11,,,
https://www.alanranger.com/beginners-photography-lessons/lightroom-photo-editing-classes-wk3-42ynf,event,https://www.alanranger.com/photography-services-near-me/lightroom-courses-for-beginners-coventry,Lightroom Courses for Beginners Photo Editing - Coventry,150,InStock,2026-03-18T19:00:00+00:00,2026-03-18T21:00:00+00:00,19:00:00,21:00:00,Coventry,auto,,3,,Lightroom Classic Photo Editing Classes -Week 3 of 3 - 18-3,,,
https://www.alanranger.com/beginners-photography-lessons/lightroom-photo-editing-classes-wk3-42ynf,event,https://www.alanranger.com/photography-services-near-me/lightroom-courses-for-beginners-coventry,Lightroom Courses for Beginners Photo Editing - Coventry,150,InStock,2026-03-19T19:00:00+00:00,2026-03-19T21:00:00+00:00,19:00:00,21:00:00,Coventry,auto,,3,,Lightroom Classic Photo Editing Classes -Week 3 of 3 - 18-3,,,
https://www.alanranger.com/beginners-photography-lessons/lightroom-photo-editing-classes-wk3-7cd64,event,https://www.alanranger.com/photography-services-near-me/lightroom-courses-for-beginners-coventry,Lightroom Courses for Beginners Photo Editing - Coventry,150,InStock,2026-01-21T19:00:00+00:00,2026-01-21T21:00:00+00:00,19:00:00,21:00:00,Coventry,auto,,3,,Lightroom Classic Photo Editing Classes - Week 3 of 3 - 21-1,,,
https://www.alanranger.com/beginners-photography-lessons/lightroom-photo-editing-classes-wk3-9b3t3,event,https://www.alanranger.com/photography-services-near-me/lightroom-courses-for-beginners-coventry,Lightroom Courses for Beginners Photo Editing - Coventry,150,InStock,2026-05-27T19:00:00+00:00,2026-05-27T21:00:00+00:00,19:00:00,21:00:00,Coventry,auto,,3,,Lightroom Classic Photo Editing Classes - Week 3 of 3 - 27-5,,,
https://www.alanranger.com/beginners-photography-lessons/rps-courses-rps-distinctions-mentoring-1,event,https://www.alanranger.com/photography-services-near-me/rps-mentoring-photography-course,RPS Courses - Independent RPS Mentoring for RPS Distinctions,395,InStock,2026-03-03T19:00:00+00:00,2026-03-03T21:00:00+00:00,19:00:00,21:00:00,Online - Virtual Class - Zoom Meeting,auto,,,,RPS Courses - RPS Distinctions Course - Enrol Anytime -3-3,,,
https://www.alanranger.com/beginners-photography-lessons/rps-courses-rps-distinctions-mentoring-2,event,https://www.alanranger.com/photography-services-near-me/rps-mentoring-photography-course,RPS Courses - Independent RPS Mentoring for RPS Distinctions,395,InStock,2026-04-01T19:00:00+00:00,2026-04-01T21:00:00+00:00,19:00:00,21:00:00,Online - Virtual Class - Zoom Meeting,auto,,,,RPS Courses - RPS Distinctions Course - Enrol Anytime -1-4,,,
https://www.alanranger.com/beginners-photography-lessons/rps-courses-rps-distinctions-mentoring-3,event,https://www.alanranger.com/photography-services-near-me/rps-mentoring-photography-course,RPS Courses - Independent RPS Mentoring for RPS Distinctions,395,InStock,2025-12-01T19:00:00+00:00,2025-12-01T21:00:00+00:00,19:00:00,21:00:00,Online - Virtual Class - Zoom Meeting,auto,,,,RPS Courses - RPS Distinctions Course - Enrol Anytime -1-12,,,
https://www.alanranger.com/beginners-photography-lessons/rps-courses-rps-distinctions-mentoring-4,event,https://www.alanranger.com/photography-services-near-me/rps-mentoring-photography-course,RPS Courses - Independent RPS Mentoring for RPS Distinctions,395,InStock,2026-01-05T19:00:00+00:00,2026-01-05T21:00:00+00:00,19:00:00,21:00:00,Online - Virtual Class - Zoom Meeting,auto,,,,RPS Courses - RPS Distinctions Course - Enrol Anytime - 5-1,,,
https://www.alanranger.com/beginners-photography-lessons/rps-courses-rps-distinctions-mentoring-5,event,https://www.alanranger.com/photography-services-near-me/rps-mentoring-photography-course,RPS Courses - Independent RPS Mentoring for RPS Distinctions,395,InStock,2026-02-03T19:00:00+00:00,2026-02-03T21:00:00+00:00,19:00:00,21:00:00,Online - Virtual Class - Zoom Meeting,auto,,,,RPS Courses - RPS Distinctions Course - Enrol Anytime-3-2,,,
https://www.alanranger.com/photographic-workshops-near-me/abstract-and-macro-photography-workshop-coventry,event,https://www.alanranger.com/photo-workshops-uk/abstract-and-macro-photography-workshops,MACRO Photography Workshops Warwickshire - Feb and Mar,65,InStock,2026-05-17T10:00:00+00:00,2026-05-17T12:30:00+00:00,10:00:00,12:30:00,Warwickshire,auto,,6,1. Easy,Abstract and Macro Photography Workshop Warwickshire - May,,,
https://www.alanranger.com/photographic-workshops-near-me/anglesey-photography-workshop-wales,event,https://www.alanranger.com/photo-workshops-uk/landscape-photography-workshops-anglesey,ANGLESEY Landscape Photography Workshop -  May 2026,795,InStock,2026-05-08T15:00:00+00:00,2026-05-10T15:00:00+00:00,15:00:00,15:00:00,Wales - Anglesey,auto,,4,2. Moderate (15-30 min walks),Menai and Anglesey Photography Workshop | Wales | May,,,
https://www.alanranger.com/photographic-workshops-near-me/batsford-arboretum-autumn-photography-1nov,event,https://www.alanranger.com/photo-workshops-uk/batsford-arboretum-photography-workshops,BATSFORD Arboretum Autumn Photography Workshops 24 - 31 Oct,99,InStock,2026-10-29T08:00:00+00:00,2026-10-29T15:30:00+00:00,08:00:00,15:30:00, Batsford Arboretum - Gloucestershire,auto,,6,2. Easy-Moderate,Batsford Arboretum Autumn Photography Workshop -29/10,,,
https://www.alanranger.com/photographic-workshops-near-me/batsford-arboretum-autumn-photography-29oct,event,https://www.alanranger.com/photo-workshops-uk/batsford-arboretum-photography-workshops,BATSFORD Arboretum Autumn Photography Workshops 24 - 31 Oct,99,InStock,2026-10-24T08:00:00+00:00,2026-10-24T15:30:00+00:00,08:00:00,15:30:00, Batsford Arboretum - Gloucestershire,auto,,6,2. Easy-Moderate,Batsford Arboretum Autumn Photography Workshop - 24/10,,,
https://www.alanranger.com/photographic-workshops-near-me/batsford-arboretum-autumn-photography-2nov,event,https://www.alanranger.com/photo-workshops-uk/batsford-arboretum-photography-workshops,BATSFORD Arboretum Autumn Photography Workshops 24 - 31 Oct,99,InStock,2026-10-30T08:00:00+00:00,2026-10-30T15:30:00+00:00,08:00:00,15:30:00, Batsford Arboretum - Gloucestershire,auto,,6,2. Easy-Moderate,Batsford Arboretum Autumn Photography Workshop - 30/10,,,
https://www.alanranger.com/photographic-workshops-near-me/batsford-arboretum-autumn-photography-30oct,event,https://www.alanranger.com/photo-workshops-uk/batsford-arboretum-photography-workshops,BATSFORD Arboretum Autumn Photography Workshops 24 - 31 Oct,99,InStock,2026-10-25T08:00:00+00:00,2026-10-25T15:30:00+00:00,08:00:00,15:30:00, Batsford Arboretum - Gloucestershire,auto,,6,2. Easy-Moderate,Batsford Arboretum Autumn Photography Workshop - 25/10,,,
https://www.alanranger.com/photographic-workshops-near-me/batsford-arboretum-autumn-photography-31oct,event,https://www.alanranger.com/photo-workshops-uk/batsford-arboretum-photography-workshops,BATSFORD Arboretum Autumn Photography Workshops 24 - 31 Oct,99,InStock,2026-10-23T08:00:00+00:00,2026-10-23T15:30:00+00:00,08:00:00,15:30:00, Batsford Arboretum - Gloucestershire,auto,,6,2. Easy-Moderate,Batsford Arboretum Autumn Photography Workshop - 23/10,,,
https://www.alanranger.com/photographic-workshops-near-me/batsford-arboretum-autumn-photography-3nov,event,https://www.alanranger.com/photo-workshops-uk/batsford-arboretum-photography-workshops,BATSFORD Arboretum Autumn Photography Workshops 24 - 31 Oct,99,InStock,2026-10-31T08:00:00+00:00,2026-10-31T15:30:00+00:00,08:00:00,15:30:00, Batsford Arboretum - Gloucestershire,auto,,6,2. Easy-Moderate,Batsford Arboretum Autumn Photography Workshop - 31/10,,,
https://www.alanranger.com/photographic-workshops-near-me/bluebell-photography-photo-workshop-warwickshire-01,event,https://www.alanranger.com/photo-workshops-uk/bluebell-woodlands-photography-workshops,BLUEBELL WOODLANDS Photography - Warks - 20 Apr- 01 May,99,InStock,2026-05-01T05:45:00+00:00,2026-05-01T15:00:00+00:00,05:45:00,15:00:00,Warwickshire,auto,,6,1. Easy,Bluebell Photography Workshop | Warwickshire | 01 May,,,
https://www.alanranger.com/photographic-workshops-near-me/bluebell-photography-photo-workshop-warwickshire-17,event,https://www.alanranger.com/photo-workshops-uk/bluebell-woodlands-photography-workshops,BLUEBELL WOODLANDS Photography - Warks - 20 Apr- 01 May,99,InStock,2026-04-26T05:45:00+00:00,2026-04-26T09:45:00+00:00,05:45:00,09:45:00,Warwickshire,auto,,6,1. Easy,Bluebell Photography Workshop | Warwickshire | 26 Apr,,,
https://www.alanranger.com/photographic-workshops-near-me/bluebell-photography-photo-workshop-warwickshire-18,event,https://www.alanranger.com/photo-workshops-uk/bluebell-woodlands-photography-workshops,BLUEBELL WOODLANDS Photography - Warks - 20 Apr- 01 May,99,InStock,2026-04-27T05:45:00+00:00,2026-04-27T15:00:00+00:00,05:45:00,15:00:00,Warwickshire,auto,,6,1. Easy,Bluebell Photography Workshop | Warwickshire | 27 Apr,,,
https://www.alanranger.com/photographic-workshops-near-me/bluebell-photography-photo-workshop-warwickshire-19,event,https://www.alanranger.com/photo-workshops-uk/bluebell-woodlands-photography-workshops,BLUEBELL WOODLANDS Photography - Warks - 20 Apr- 01 May,99,InStock,2026-04-28T05:45:00+00:00,2026-04-28T15:00:00+00:00,05:45:00,15:00:00,Warwickshire,auto,,6,1. Easy,Bluebell Photography Workshop | Warwickshire | 28 Apr,,,
https://www.alanranger.com/photographic-workshops-near-me/bluebell-photography-photo-workshop-warwickshire-20,event,https://www.alanranger.com/photo-workshops-uk/bluebell-woodlands-photography-workshops,BLUEBELL WOODLANDS Photography - Warks - 20 Apr- 01 May,99,InStock,2026-04-20T05:45:00+00:00,2026-04-20T09:45:00+00:00,05:45:00,09:45:00,Warwickshire,auto,,6,1. Easy,Bluebell Photography Workshop | Warwickshire | 20 Apr,,,
https://www.alanranger.com/photographic-workshops-near-me/bluebell-photography-photo-workshop-warwickshire-21,event,https://www.alanranger.com/photo-workshops-uk/bluebell-woodlands-photography-workshops,BLUEBELL WOODLANDS Photography - Warks - 20 Apr- 01 May,99,InStock,2026-04-21T05:45:00+00:00,2026-04-21T15:00:00+00:00,05:45:00,15:00:00,Warwickshire,auto,,6,1. Easy,Bluebell Photography Workshop | Warwickshire | 21 Apr,,,
https://www.alanranger.com/photographic-workshops-near-me/bluebell-photography-photo-workshop-warwickshire-22,event,https://www.alanranger.com/photo-workshops-uk/bluebell-woodlands-photography-workshops,BLUEBELL WOODLANDS Photography - Warks - 20 Apr- 01 May,99,InStock,2026-04-22T05:45:00+00:00,2026-04-22T15:00:00+00:00,05:45:00,15:00:00,Warwickshire,auto,,6,1. Easy,Bluebell Photography Workshop | Warwickshire | 22 Apr ,,,
https://www.alanranger.com/photographic-workshops-near-me/bluebell-photography-photo-workshop-warwickshire-23,event,https://www.alanranger.com/photo-workshops-uk/bluebell-woodlands-photography-workshops,BLUEBELL WOODLANDS Photography - Warks - 20 Apr- 01 May,99,InStock,2026-04-23T05:45:00+00:00,2026-04-23T15:00:00+00:00,05:45:00,15:00:00,Warwickshire,auto,,6,1. Easy,Bluebell Photography Workshop | Warwickshire | 23 Apr,,,
https://www.alanranger.com/photographic-workshops-near-me/bluebell-photography-photo-workshop-warwickshire-24,event,https://www.alanranger.com/photo-workshops-uk/bluebell-woodlands-photography-workshops,BLUEBELL WOODLANDS Photography - Warks - 20 Apr- 01 May,99,InStock,2026-04-24T05:45:00+00:00,2026-04-24T15:00:00+00:00,05:45:00,15:00:00,Warwickshire,auto,,6,1. Easy,Bluebell Photography Workshop | Warwickshire | 24 Apr,,,
https://www.alanranger.com/photographic-workshops-near-me/bluebell-photography-photo-workshop-warwickshire-25,event,https://www.alanranger.com/photo-workshops-uk/bluebell-woodlands-photography-workshops,BLUEBELL WOODLANDS Photography - Warks - 20 Apr- 01 May,99,InStock,2026-04-25T05:45:00+00:00,2026-04-25T15:00:00+00:00,05:45:00,15:00:00,Warwickshire,auto,,6,1. Easy,Bluebell Photography Workshop | Warwickshire | 25 Apr,,,
https://www.alanranger.com/photographic-workshops-near-me/bluebell-photography-photo-workshop-warwickshire-29,event,https://www.alanranger.com/photo-workshops-uk/bluebell-woodlands-photography-workshops,BLUEBELL WOODLANDS Photography - Warks - 20 Apr- 01 May,99,InStock,2026-04-29T05:45:00+00:00,2026-04-29T15:00:00+00:00,05:45:00,15:00:00,Warwickshire,auto,,6,1. Easy,Bluebell Photography Workshop | Warwickshire | 29 Apr,,,
https://www.alanranger.com/photographic-workshops-near-me/bluebell-photography-photo-workshop-warwickshire-30,event,https://www.alanranger.com/photo-workshops-uk/bluebell-woodlands-photography-workshops,BLUEBELL WOODLANDS Photography - Warks - 20 Apr- 01 May,99,InStock,2026-04-30T05:45:00+00:00,2026-04-30T15:00:00+00:00,05:45:00,15:00:00,Warwickshire,auto,,6,1. Easy,Bluebell Photography Workshop | Warwickshire | 30 Apr,,,
https://www.alanranger.com/photographic-workshops-near-me/dartmoor-photography-workshop-woodlands,event,https://www.alanranger.com/photo-workshops-uk/dartmoor-photography-landscape-workshop,DARTMOOR Photography Workshop - Landscapes - 10th - 12th Oct,875,InStock,2026-10-09T14:00:00+00:00,2026-10-11T15:00:00+00:00,14:00:00,15:00:00,Dartmoor,auto,,4,3. Hard,"Dartmoor Photography Workshop | Woodlands, Moors and Tors",,,
https://www.alanranger.com/photographic-workshops-near-me/dingle-kerry-ireland-photography-workshop,event,https://www.alanranger.com/photo-workshops-uk/ireland-photography-workshops-dingle,KERRY - Southern Ireland Photography Workshop - Mar 2026,1595,InStock,2026-03-05T10:30:00+00:00,2026-03-09T15:00:00+00:00,10:30:00,15:00:00,Ireland - Dingle,auto,,4,2. Easy-Moderate,Ireland Photography Workshop | Landscapes Southern Ireland,,,
https://www.alanranger.com/photographic-workshops-near-me/dorset-photography-workshop,event,https://www.alanranger.com/photo-workshops-uk/dorset-landscape-photography-workshop,DORSET Landscape Photography Workshop Purbeck 16 - 18 Jan,925,InStock,2026-01-16T14:00:00+00:00,2026-01-18T14:00:00+00:00,14:00:00,14:00:00,Dorset,auto,,4,3. Moderate, Dorset Photography Workshop | Jurassic Coast Photography,,,
https://www.alanranger.com/photographic-workshops-near-me/exmoor-photography-workshops-seascapes-lynmouth,event,https://www.alanranger.com/photo-workshops-uk/exmoor-photography-workshops-lynmouth,EXMOOR Photography Workshop - Sat 15th - Sun 16th Mar 2025,575,InStock,2026-05-23T10:00:00+00:00,2026-05-24T15:30:00+00:00,10:00:00,15:30:00,North Devon/Exmoor,auto,,4,1. Easy (5-15 min walks),Exmoor Photography Workshops - Seascapes | Lynmouth,,,
https://www.alanranger.com/photographic-workshops-near-me/fairy-glen-betws-y-coed-photography,event,https://www.alanranger.com/photo-workshops-uk/long-exposure-photography-workshop-fairy-glen,FAIRY GLEN and Fairy Falls Long Exposure Photography,125,InStock,2026-03-07T10:00:00+00:00,2026-03-07T13:30:00+00:00,10:00:00,13:30:00,Wales - Snowdonia,auto,,4,3. Moderate,Fairy Glen Betws-y-Coed Photography Workshop -  Wales,,,
https://www.alanranger.com/photographic-workshops-near-me/fairy-glen-photography-betws-y-coed,event,https://www.alanranger.com/photo-workshops-uk/long-exposure-photography-workshop-fairy-glen,FAIRY GLEN and Fairy Falls Long Exposure Photography,125,InStock,2026-05-08T10:00:00+00:00,2026-05-08T13:30:00+00:00,10:00:00,13:30:00,Snowdonia National Park,auto,,4,3. Moderate,Fairy Glen Betws-y-Coed Photography Workshop - Wales - May,,,
https://www.alanranger.com/photographic-workshops-near-me/fairy-glen-photography-wales,event,https://www.alanranger.com/photo-workshops-uk/long-exposure-photography-workshop-fairy-glen,FAIRY GLEN and Fairy Falls Long Exposure Photography,125,InStock,2026-10-03T10:00:00+00:00,2026-10-03T13:30:00+00:00,10:00:00,13:30:00,Snowdonia National Park,auto,,4,3. Moderate,Fairy Glen Betws-y-Coed Photography Workshop - Wales Autumn,,,
https://www.alanranger.com/photographic-workshops-near-me/garden-photography-workshop,event,https://www.alanranger.com/photo-workshops-uk/garden-photography-workshop,The Art of GARDEN PHOTOGRAPHY  - Coventry -  May and July,35,InStock,2026-07-12T15:00:00+00:00,2026-07-12T17:00:00+00:00,15:00:00,17:00:00,Coventry,auto,,4,1. Easy,Garden Photography Workshop | Private Garden | Coventry,,,
https://www.alanranger.com/photographic-workshops-near-me/garden-photography-workshop-mxyms,event,https://www.alanranger.com/photo-workshops-uk/garden-photography-workshop,The Art of GARDEN PHOTOGRAPHY  - Coventry -  May and July,35,InStock,2026-05-17T15:00:00+00:00,2026-05-17T17:00:00+00:00,15:00:00,17:00:00,Coventry,auto,,4,1. Easy,Garden Photography Workshops | Private Garden | Coventry,,,
https://www.alanranger.com/photographic-workshops-near-me/hartland-quay-devon-seascapes-ynfcl,event,https://www.alanranger.com/photo-workshops-uk/landscape-photography-devon-hartland-quay,Landscape Photography DEVON Workshops - Various Dates,750,InStock,2026-02-19T12:30:00+00:00,2026-02-22T12:30:00+00:00,12:30:00,12:30:00,Devon,auto,,4,2. Moderate,"Hartland Quay, Devon Seascape Photography Workshop",,,
https://www.alanranger.com/photographic-workshops-near-me/lake-district-photography-workshop-autumn,event,https://www.alanranger.com/photo-workshops-uk/lake-district-photography-workshop,LAKE DISTRICT Photography Workshops - Jan - Mar - Sep - Nov,975,InStock,2026-11-13T09:30:00+00:00,2026-11-15T14:30:00+00:00,09:30:00,14:30:00,Lake District,auto,,4,2. Moderate,Lake District Photography Workshops | Autumn in Cumbria,,,
https://www.alanranger.com/photographic-workshops-near-me/lake-district-photography-workshop-late-summer,event,https://www.alanranger.com/photo-workshops-uk/lake-district-photography-workshop,LAKE DISTRICT Photography Workshops - Jan - Mar - Sep - Nov,975,InStock,2026-09-18T09:30:00+00:00,2026-09-20T13:30:00+00:00,09:30:00,13:30:00,Lake District,auto,,4,2. Moderate,Lake District Photography Workshop Late Summer in Cumbria,,,
https://www.alanranger.com/photographic-workshops-near-me/lake-district-photography-workshop-spring,event,https://www.alanranger.com/photo-workshops-uk/lake-district-photography-workshop,LAKE DISTRICT Photography Workshops - Jan - Mar - Sep - Nov,975,InStock,2026-03-20T09:30:00+00:00,2026-03-22T13:30:00+00:00,09:30:00,13:30:00,Lake District,auto,,4,2. Moderate,Lake District Photography Workshop | Spring in Cumbria,,,
https://www.alanranger.com/photographic-workshops-near-me/lake-district-photography-workshop-winter,event,https://www.alanranger.com/photo-workshops-uk/lake-district-photography-workshop,LAKE DISTRICT Photography Workshops - Jan - Mar - Sep - Nov,975,InStock,2026-01-23T09:30:00+00:00,2026-01-25T14:30:00+00:00,09:30:00,14:30:00,Lake District,auto,,4,2. Moderate,Lake District Photography Workshop | Winter in Cumbria,,,
https://www.alanranger.com/photographic-workshops-near-me/landscape-photography-snowdonia-workshop,event,https://www.alanranger.com/photo-workshops-uk/landscape-photography-snowdonia-workshops,Landscape Photography SNOWDONIA - Sat 7th - Sun 8th Mar 2026,595,InStock,2026-03-07T10:00:00+00:00,2026-03-08T16:00:00+00:00,10:00:00,16:00:00,Wales - Snowdonia,auto,,4,2. Moderate (15-30 min walks),Landscape Photography Snowdonia Photography Workshop,,,
https://www.alanranger.com/photographic-workshops-near-me/landscape-photography-wales-gower-peninsular,event,https://www.alanranger.com/photo-workshops-uk/landscape-photography-wales-photo-workshop,GOWER Landscape Photography Wales - 30 Jan - 1 Feb 2026,825,InStock,2026-01-30T10:00:00+00:00,2026-02-01T14:00:00+00:00,10:00:00,14:00:00,wales - Gower Peninsular,auto,,3,3. Hard,Gower Peninsula Photo Workshop - Landscape Photography Wales,,,
https://www.alanranger.com/photographic-workshops-near-me/landscape-photography-workshops-yorkshire,event,https://www.alanranger.com/photo-workshops-uk/yorkshire-dales-photography-workshops,Landscape YORKSHIRE DALES Photography Workshop - 3 - 5 Oct,825,InStock,2026-03-26T14:00:00+00:00,2026-03-29T14:00:00+00:00,14:00:00,14:00:00,North Yorkshire Moors and Coast,auto,,3,2. Moderate,Landscape Photography Workshops Yorkshire | Coast and Moors,,,
https://www.alanranger.com/photographic-workshops-near-me/lavender-photography-workshop-sunset,event,https://www.alanranger.com/photo-workshops-uk/photography-workshops-lavender-fields,LAVENDER FIELD Photography Workshop - Gloucestershire July,150,InStock,2026-07-11T17:00:00+00:00,2026-07-11T20:00:00+00:00,17:00:00,20:00:00,Cotswolds,auto,,6,1. Easy,Lavender Photography Workshop Gloucestershire at Sunset,,,
https://www.alanranger.com/photographic-workshops-near-me/lavender-photography-workshop-sunset-19,event,https://www.alanranger.com/photo-workshops-uk/photography-workshops-lavender-fields,LAVENDER FIELD Photography Workshop - Gloucestershire July,150,InStock,2026-07-04T17:00:00+00:00,2026-07-04T20:00:00+00:00,17:00:00,20:00:00,Cotswolds,auto,,6,1. Easy,Lavender Photography Workshop Gloucestershire at Sunset 4,,,
https://www.alanranger.com/photographic-workshops-near-me/long-exposure-photo-workshop-sunset-kenilworth,event,https://www.alanranger.com/photo-workshops-uk/long-exposure-photography-kenilworth,Long Exposure Photography Workshop KENILWORTH Sunset,65,InStock,2026-04-13T18:30:00+00:00,2026-04-13T20:30:00+00:00,18:30:00,20:30:00,Kenilworth,auto,,6,1. Easy,Long Exposure Photo Workshop - Sunset - Kenilworth - Apr,,,
https://www.alanranger.com/photographic-workshops-near-me/long-exposure-photography-burnham-on-sea,event,https://www.alanranger.com/photo-workshops-uk/long-exposure-photography-workshops-burnham,BURNHAM ON SEA Long Exposure Photography Workshop 23 Aug,95,InStock,2026-05-02T18:30:00+00:00,2026-05-02T21:00:00+00:00,18:30:00,21:00:00,Somerset,auto,,6,1. Easy,Long Exposure Photography Workshop - Burnham on Sea Sunset,,,
https://www.alanranger.com/photographic-workshops-near-me/long-exposure-photography-workshop-kenilworth1,event,https://www.alanranger.com/photo-workshops-uk/long-exposure-photography-kenilworth,Long Exposure Photography Workshop KENILWORTH Sunset,65,InStock,2026-05-06T18:30:00+00:00,2026-05-06T20:30:00+00:00,18:30:00,20:30:00,Kenilworth,auto,,6,1. Easy,Long Exposure Photography Workshop - Sunset | Kenilworth,,,
https://www.alanranger.com/photographic-workshops-near-me/long-exposure-photography-workshop-kenilworth2,event,https://www.alanranger.com/photo-workshops-uk/fireworks-photography-workshop-kenilworth,Fireworks Photography Workshop | Long Exposure | Kenilworth,75,InStock,2026-03-31T18:00:00+00:00,2026-03-31T20:00:00+00:00,18:00:00,20:00:00,Kenilworth,auto,,6,1. Easy,Long Exposure Photography Workshop - Kenilworth 31-3,,,
https://www.alanranger.com/photographic-workshops-near-me/long-exposure-photography-workshop-kenilworth4,event,https://www.alanranger.com/photo-workshops-uk/fireworks-photography-workshop-kenilworth,Fireworks Photography Workshop | Long Exposure | Kenilworth,75,InStock,2026-05-11T18:30:00+00:00,2026-05-11T20:30:00+00:00,18:30:00,20:30:00,Kenilworth,auto,,6,1. Easy,Long Exposure Photography Workshop - Kenilworth 11-05,,,
https://www.alanranger.com/photographic-workshops-near-me/norfolk-photography-workshop,event,https://www.alanranger.com/photo-workshops-uk/landscape-photography-workshop-norfolk,Landscape Photography Workshop NORFOLK - Coastal 12 - 14 Sep,975,InStock,2026-02-13T09:30:00+00:00,2026-02-15T14:00:00+00:00,09:30:00,14:00:00,Norfolk,auto,,4,1. Easy,Norfolk Photography Workshop | Cromer to Hunstanton,,,
https://www.alanranger.com/photographic-workshops-near-me/northumberland-landscape-photography-workshop,event,https://www.alanranger.com/photo-workshops-uk/coastal-northumberland-photography-workshops,NORTHUMBERLAND Photography Workshops - Feb 26 - Mar 1,995,InStock,2026-02-26T14:00:00+00:00,2026-03-01T14:00:00+00:00,14:00:00,14:00:00,Northumberland,auto,,4,2. Moderate,Northumberland Landscape Photography Workshop | 4 Days | Feb,,,
https://www.alanranger.com/photographic-workshops-near-me/peak-district-photography-workshops-autumn,event,https://www.alanranger.com/photo-workshops-uk/landscape-peak-district-photography-workshops-derbyshire,"PEAK DISTRICT Photography Workshops - May, Oct and Nov",150,InStock,2026-11-01T09:30:00+00:00,2026-11-01T16:00:00+00:00,09:30:00,16:00:00,Peak District,auto,,6,3. Moderate,Peak District Autumn Workshops Padley Gorge | 1-11,,,
https://www.alanranger.com/photographic-workshops-near-me/peak-district-photography-workshops-autumn-2,event,https://www.alanranger.com/photo-workshops-uk/landscape-peak-district-photography-workshops-derbyshire,"PEAK DISTRICT Photography Workshops - May, Oct and Nov",150,InStock,2026-11-07T09:30:00+00:00,2026-11-07T16:00:00+00:00,09:30:00,16:00:00,Peak District,auto,,6,3. Moderate,Peak District Photography - Autumn Workshop - Padley Gorge,,,
https://www.alanranger.com/photographic-workshops-near-me/peak-district-photography-workshops-heathers-sunrise,event,https://www.alanranger.com/photo-workshops-uk/peak-district-heather-photography-workshop,PEAK DISTRICT HEATHER Photography Workshops - 16-17 Aug,145,InStock,2026-08-16T05:45:00+00:00,2026-08-16T08:45:00+00:00,05:45:00,08:45:00,Staffordshire - Upper Hulme,auto,,6,3. Moderate,Peak District Photography Workshops - Heathers Sunrise,,,
https://www.alanranger.com/photographic-workshops-near-me/peak-district-photography-workshops-heathers-sunset,event,https://www.alanranger.com/photo-workshops-uk/peak-district-heather-photography-workshop,PEAK DISTRICT HEATHER Photography Workshops - 16-17 Aug,145,InStock,2026-08-15T18:15:00+00:00,2026-08-15T21:15:00+00:00,18:15:00,21:15:00,Peak District,auto,,6,3. Moderate,Peak District Photography Workshops - Heathers Sunset,,,
https://www.alanranger.com/photographic-workshops-near-me/peak-district-photography-workshops-spring,event,https://www.alanranger.com/photo-workshops-uk/landscape-peak-district-photography-workshops-derbyshire,"PEAK DISTRICT Photography Workshops - May, Oct and Nov",150,InStock,2026-05-16T09:30:00+00:00,2026-05-16T16:00:00+00:00,09:30:00,16:00:00,Peak District,auto,,6,3. Moderate,Peak District Photography Workshops Padley Gorge - 16-5,,,
https://www.alanranger.com/photographic-workshops-near-me/peak-district-photography-workshops-winter,event,https://www.alanranger.com/photo-workshops-uk/landscape-peak-district-photography-workshops-derbyshire,"PEAK DISTRICT Photography Workshops - May, Oct and Nov",150,InStock,2026-10-17T09:30:00+00:00,2026-10-17T16:00:00+00:00,09:30:00,16:00:00,Peak District,auto,,6,3. Moderate,Peak District Photography Workshops Padley Gorge | 10-17,,,
https://www.alanranger.com/photographic-workshops-near-me/secrets-of-woodland-photography-masterclass-autumn,event,https://www.alanranger.com/photo-workshops-uk/secrets-of-woodland-photography-workshop,"The Secret of WOODLAND PHOTOGRAPHY- 1-Day Jan, Apr, Aug, Oct",125,InStock,2026-10-18T10:00:00+00:00,2026-10-18T16:00:00+00:00,10:00:00,16:00:00,Coventry,auto,,3,1. Easy,The Secrets of Woodland Photography - Masterclass Autumn,,,
https://www.alanranger.com/photographic-workshops-near-me/secrets-of-woodland-photography-masterclass-spring,event,https://www.alanranger.com/photo-workshops-uk/secrets-of-woodland-photography-workshop,"The Secret of WOODLAND PHOTOGRAPHY- 1-Day Jan, Apr, Aug, Oct",125,InStock,2026-04-19T10:00:00+00:00,2026-04-19T16:00:00+00:00,10:00:00,16:00:00,Coventry,auto,,3,1. Easy,The Secrets of Woodland Photography - 1-Day Masterclass Apr,,,
https://www.alanranger.com/photographic-workshops-near-me/secrets-of-woodland-photography-masterclass-summer,event,https://www.alanranger.com/photo-workshops-uk/secrets-of-woodland-photography-workshop,"The Secret of WOODLAND PHOTOGRAPHY- 1-Day Jan, Apr, Aug, Oct",125,InStock,2026-08-30T10:00:00+00:00,2026-08-30T16:00:00+00:00,10:00:00,16:00:00,Coventry,auto,,3,1. Easy,The Secrets of Woodland Photography - Masterclass Summer,,,
https://www.alanranger.com/photographic-workshops-near-me/secrets-of-woodland-photography-masterclass-winter,event,https://www.alanranger.com/photo-workshops-uk/secrets-of-woodland-photography-workshop,"The Secret of WOODLAND PHOTOGRAPHY- 1-Day Jan, Apr, Aug, Oct",125,InStock,2026-01-11T10:00:00+00:00,2026-01-11T16:00:00+00:00,10:00:00,16:00:00,Coventry,auto,,3,1. Easy,The Secrets of Woodland Photography - 1-Day Masterclass 11-1,,,
https://www.alanranger.com/photographic-workshops-near-me/sezincote-garden-photography-workshop,event,https://www.alanranger.com/photo-workshops-uk/sezincote-garden-photography-workshop,SEZINCOTE Garden Photography Workshop - Gloucs 29 May,55,InStock,2026-05-29T11:00:00+00:00,2026-05-29T13:30:00+00:00,11:00:00,13:30:00,Gloucestershire,auto,,6,1. Easy,Sezincote Garden Photography - Mughal palace in Cotswolds,,,
https://www.alanranger.com/photographic-workshops-near-me/suffolk-landscape-photography-workshop,event,https://www.alanranger.com/photo-workshops-uk/suffolk-landscape-photography-workshops,SUFFOLK Landscape Photography Workshops - 21st - 23rd Nov,995,InStock,2025-11-21T09:30:00+00:00,2025-11-23T14:30:00+00:00,09:30:00,14:30:00,Suffolk,auto,,4,2. Moderate (15-30 min walks),Suffolk Landscape Photography Workshop - Long Exposure,,,
https://www.alanranger.com/photographic-workshops-near-me/suffolk-landscape-photography-workshop,event,https://www.alanranger.com/photo-workshops-uk/suffolk-landscape-photography-workshops,SUFFOLK Landscape Photography Workshops - 21st - 23rd Nov,995,InStock,2026-02-06T09:30:00+00:00,2026-02-08T14:30:00+00:00,09:30:00,14:30:00,Suffolk,auto,,4,2. Moderate (15-30 min walks),Suffolk Landscape Photography Workshop - Long Exposure,,,
https://www.alanranger.com/photographic-workshops-near-me/sunset-chesterton-windmill-photography-workshop,event,https://www.alanranger.com/photo-workshops-uk/photography-workshops-chesterton-windmill,Photography Workshops CHESTERTON WINDMILL - Warwickshire,50,InStock,2026-05-18T18:30:00+00:00,2026-05-18T21:00:00+00:00,18:30:00,21:00:00,Warwickshire,auto,,6,1. Easy,Sunset Photography Workshop - Chesterton Windmill 18-5,,,
https://www.alanranger.com/photographic-workshops-near-me/sunset-chesterton-windmill-spring,event,https://www.alanranger.com/photo-workshops-uk/photography-workshops-chesterton-windmill,Photography Workshops CHESTERTON WINDMILL - Warwickshire,50,InStock,2026-03-30T17:30:00+00:00,2026-03-30T19:30:00+00:00,17:30:00,19:30:00,Warwickshire,auto,,6,1. Easy,Sunset Photographic Workshop - Chesterton Windmill 30-3,,,
https://www.alanranger.com/photographic-workshops-near-me/sunset-chesterton-windmill-spring-7gw7j,event,https://www.alanranger.com/photo-workshops-uk/photography-workshops-chesterton-windmill,Photography Workshops CHESTERTON WINDMILL - Warwickshire,50,InStock,2026-10-05T17:30:00+00:00,2026-10-05T19:30:00+00:00,17:30:00,19:30:00,Warwickshire,auto,,6,1. Easy,Sunset Photographic Workshop - Chesterton Windmill 05-10,,,
https://www.alanranger.com/photographic-workshops-near-me/sunset-chesterton-windmill-spring-7gw7j-9akd5,event,https://www.alanranger.com/photo-workshops-uk/photography-workshops-chesterton-windmill,Photography Workshops CHESTERTON WINDMILL - Warwickshire,50,InStock,2026-09-16T18:00:00+00:00,2026-09-16T20:00:00+00:00,18:00:00,20:00:00,Warwickshire,auto,,6,1. Easy,Sunset Photographic Workshop - Chesterton Windmill 16-09,,,
https://www.alanranger.com/photographic-workshops-near-me/urban-architecture-photography-workshop-coventry,event,https://www.alanranger.com/photo-workshops-uk/urban-architecture-photography-workshops-coventry,URBAN ARCHITECTURE Photography Workshops - Coventry 24 Sep,50,InStock,2026-04-16T18:15:00+00:00,2026-04-16T20:15:00+00:00,18:15:00,20:15:00,Coventry,auto,,6,1. Easy,Coventry Evening Urban Architecture Photography Workshop ,,,
https://www.alanranger.com/photographic-workshops-near-me/wales-photography-workshop-vyrnwy-pistyll-rhaeadr,event,https://www.alanranger.com/photo-workshops-uk/wales-photography-workshop-pistyll-rhaeadr,WALES Photography Workshop | Lake Vyrnwy 29 - 30 Nov,525,InStock,2025-11-29T09:30:00+00:00,2025-11-30T15:00:00+00:00,09:30:00,15:00:00,Wales - Dee Valley,auto,,4,1. Easy,Wales Photography Workshop Pistyll Rhaeadr and Lake Vyrnwy ,,,
https://www.alanranger.com/photographic-workshops-near-me/wales-photography-workshop-vyrnwy-pistyll-rhaeadr,event,https://www.alanranger.com/photo-workshops-uk/wales-photography-workshop-pistyll-rhaeadr,WALES Photography Workshop | Lake Vyrnwy 29 - 30 Nov,525,InStock,2026-05-30T09:30:00+00:00,2026-05-31T15:00:00+00:00,09:30:00,15:00:00,Wales - Dee Valley,auto,,4,1. Easy,Wales Photography Workshop Pistyll Rhaeadr and Lake Vyrnwy ,,,
https://www.alanranger.com/photographic-workshops-near-me/woodland-photography-walk-coventry-cv4,event,https://www.alanranger.com/photo-workshops-uk/woodland-photography-walk-warwickshire,WARWICKSHIRE Woodland PHOTOGRAPHY WALKS - Monthly - 2hrs,15,InStock,2026-02-02T09:30:00+00:00,2026-02-02T11:30:00+00:00,09:30:00,11:30:00,Coventry,auto,,6,1. Easy,Woodland Photography Walk - Coventry Tile Hill NR - Winter,,,
https://www.alanranger.com/photographic-workshops-near-me/woodland-photography-walk-coventry-piles-coppice,event,https://www.alanranger.com/photo-workshops-uk/woodland-photography-walk-warwickshire,WARWICKSHIRE Woodland PHOTOGRAPHY WALKS - Monthly - 2hrs,15,InStock,2026-10-16T09:30:00+00:00,2026-10-16T11:30:00+00:00,09:30:00,11:30:00,Coventry,auto,,6,1. Easy,Woodland Photography Walk | Coventry | Piles Coppice,,,
https://www.alanranger.com/photographic-workshops-near-me/woodland-photography-walk-coventry-tile-hill,event,https://www.alanranger.com/photo-workshops-uk/woodland-photography-walk-warwickshire,WARWICKSHIRE Woodland PHOTOGRAPHY WALKS - Monthly - 2hrs,15,InStock,2025-12-08T09:30:00+00:00,2025-12-08T11:30:00+00:00,09:30:00,11:30:00,Coventry,auto,,6,1. Easy,Woodland Photography Walk - Coventry - Tile Hill Wood ,,,
https://www.alanranger.com/photographic-workshops-near-me/woodland-photography-walk-hay-woods,event,https://www.alanranger.com/photo-workshops-uk/woodland-photography-walk-warwickshire,WARWICKSHIRE Woodland PHOTOGRAPHY WALKS - Monthly - 2hrs,15,InStock,2026-01-02T09:30:00+00:00,2026-01-02T11:30:00+00:00,09:30:00,11:30:00,Solihull,auto,,6,1. Easy,Woodland Photography Walk - Solihull - Hay Woods - Winter,,,
https://www.alanranger.com/photographic-workshops-near-me/woodland-photography-walk-meriden-millisons-wood,event,https://www.alanranger.com/photo-workshops-uk/woodland-photography-walk-warwickshire,WARWICKSHIRE Woodland PHOTOGRAPHY WALKS - Monthly - 2hrs,15,InStock,2026-05-03T09:30:00+00:00,2026-05-03T11:30:00+00:00,09:30:00,11:30:00,Meriden,auto,,6,1. Easy,Woodland Photography Walk | Meriden | Millisons Wood,,,
https://www.alanranger.com/photographic-workshops-near-me/woodland-photography-walk-solihull-hay-woods,event,https://www.alanranger.com/photo-workshops-uk/woodland-photography-walk-warwickshire,WARWICKSHIRE Woodland PHOTOGRAPHY WALKS - Monthly - 2hrs,15,InStock,2025-12-05T09:30:00+00:00,2025-12-05T11:30:00+00:00,09:30:00,11:30:00,Solihull,auto,,6,1. Easy,Woodland Photography Walk | Solihull | Hay Woods - Winter,,,
https://www.alanranger.com/photographic-workshops-near-me/yorkshire-dales-photography-workshop,event,https://www.alanranger.com/photo-workshops-uk/yorkshire-dales-photography-workshops,Landscape YORKSHIRE DALES Photography Workshop - 3 - 5 Oct,825,InStock,2026-04-10T10:00:00+00:00,2026-04-12T14:00:00+00:00,10:00:00,14:00:00,Yorkshire Dales,auto,,4,3. Moderate,Yorkshire Dales Photography Workshop - Landscape Photography,,,